{"0": {"train_accuracy": 0.7348920702934265, "validate_accuracy": 0.8260869383811951, "loss": 102.02031528949738}, "1": {"train_accuracy": 0.8553956151008606, "validate_accuracy": 0.5971014499664307, "loss": 62.313227102160454}, "2": {"train_accuracy": 0.8820145130157471, "validate_accuracy": 0.8608695864677429, "loss": 51.80951711535454}, "3": {"train_accuracy": 0.8974816799163818, "validate_accuracy": 0.8840579986572266, "loss": 44.854148000478745}, "4": {"train_accuracy": 0.9194243550300598, "validate_accuracy": 0.8898550868034363, "loss": 40.68478279188275}}