{"0": {"train_accuracy": 0.7302921414375305, "validate_accuracy": 0.5058823823928833, "loss": 110.39478754997253}, "1": {"train_accuracy": 0.8551093935966492, "validate_accuracy": 0.8235294222831726, "loss": 63.51162630319595}, "2": {"train_accuracy": 0.8886857628822327, "validate_accuracy": 0.7970588207244873, "loss": 49.74751774966717}, "3": {"train_accuracy": 0.9087589383125305, "validate_accuracy": 0.8676470518112183, "loss": 43.26371373236179}, "4": {"train_accuracy": 0.9218974709510803, "validate_accuracy": 0.8764705657958984, "loss": 39.17687376588583}, "5": {"train_accuracy": 0.9270070195198059, "validate_accuracy": 0.9176470637321472, "loss": 36.52872193604708}, "6": {"train_accuracy": 0.9408758878707886, "validate_accuracy": 0.8911764621734619, "loss": 34.404483092948794}, "7": {"train_accuracy": 0.9397807717323303, "validate_accuracy": 0.9205882549285889, "loss": 33.15903569897637}, "8": {"train_accuracy": 0.9427001476287842, "validate_accuracy": 0.8117647171020508, "loss": 32.79247456043959}, "9": {"train_accuracy": 0.9419702887535095, "validate_accuracy": 0.9352940917015076, "loss": 31.657158310583327}}