{"0": {"train_accuracy": 0.7323741316795349, "validate_accuracy": 0.7710145115852356, "loss": 108.15858143568039}, "1": {"train_accuracy": 0.8953235745429993, "validate_accuracy": 0.8840579986572266, "loss": 55.56804306805134}, "2": {"train_accuracy": 0.9165464043617249, "validate_accuracy": 0.886956512928009, "loss": 45.52882318198681}, "3": {"train_accuracy": 0.9255393147468567, "validate_accuracy": 0.9130434989929199, "loss": 41.678269892930984}, "4": {"train_accuracy": 0.9287768006324768, "validate_accuracy": 0.9217391014099121, "loss": 38.63634620606899}, "5": {"train_accuracy": 0.942085862159729, "validate_accuracy": 0.9072463512420654, "loss": 36.8059472925961}, "6": {"train_accuracy": 0.9345322251319885, "validate_accuracy": 0.9333333373069763, "loss": 35.67838864773512}, "7": {"train_accuracy": 0.9402876496315002, "validate_accuracy": 0.7362318634986877, "loss": 38.06484841555357}, "8": {"train_accuracy": 0.9356111884117126, "validate_accuracy": 0.9159420132637024, "loss": 35.06209185346961}, "9": {"train_accuracy": 0.9435248970985413, "validate_accuracy": 0.9188405871391296, "loss": 33.62845560349524}}