{"0": {"train_accuracy": 0.6823740601539612, "validate_accuracy": 0.8173912763595581, "loss": 122.77797308564186}, "1": {"train_accuracy": 0.8384891748428345, "validate_accuracy": 0.8144927620887756, "loss": 67.96492946147919}, "2": {"train_accuracy": 0.8615109324455261, "validate_accuracy": 0.8724637627601624, "loss": 55.18571454659104}, "3": {"train_accuracy": 0.8924458622932434, "validate_accuracy": 0.895652174949646, "loss": 46.47935679368675}, "4": {"train_accuracy": 0.9111509323120117, "validate_accuracy": 0.8202898502349854, "loss": 41.85918635874987}, "5": {"train_accuracy": 0.9237407445907593, "validate_accuracy": 0.9188405871391296, "loss": 37.446543507277966}, "6": {"train_accuracy": 0.9280573129653931, "validate_accuracy": 0.9594202637672424, "loss": 36.66976249963045}, "7": {"train_accuracy": 0.9338128566741943, "validate_accuracy": 0.895652174949646, "loss": 34.5668519474566}, "8": {"train_accuracy": 0.9370501637458801, "validate_accuracy": 0.7739130258560181, "loss": 33.434879794716835}, "9": {"train_accuracy": 0.9327337741851807, "validate_accuracy": 0.9159420132637024, "loss": 34.14216898055747}}