{
  "0": {
    "train_accuracy": 0.5366905331611633,
    "validate_accuracy": 0.6144927740097046,
    "loss": 144.29349398612976
  },
  "1": {
    "train_accuracy": 0.7848920822143555,
    "validate_accuracy": 0.8231884241104126,
    "loss": 87.5193764269352
  },
  "2": {
    "train_accuracy": 0.8586331009864807,
    "validate_accuracy": 0.8608695864677429,
    "loss": 60.55008988082409
  },
  "3": {
    "train_accuracy": 0.8866904973983765,
    "validate_accuracy": 0.904347836971283,
    "loss": 50.67722928524017
  },
  "4": {
    "train_accuracy": 0.8938849568367004,
    "validate_accuracy": 0.7565217614173889,
    "loss": 46.14824490994215
  }
}