{"0": {"train_accuracy": 0.7377697229385376, "validate_accuracy": 0.8144927620887756, "loss": 98.17905378341675}, "1": {"train_accuracy": 0.8712227940559387, "validate_accuracy": 0.8724637627601624, "loss": 59.90992933511734}, "2": {"train_accuracy": 0.8946042060852051, "validate_accuracy": 0.8753623366355896, "loss": 48.2561020553112}, "3": {"train_accuracy": 0.9136688113212585, "validate_accuracy": 0.7420290112495422, "loss": 46.058521404862404}, "4": {"train_accuracy": 0.9201437830924988, "validate_accuracy": 0.9362319111824036, "loss": 40.106083795428276}, "5": {"train_accuracy": 0.926618754863739, "validate_accuracy": 0.8492753505706787, "loss": 37.33606864511967}, "6": {"train_accuracy": 0.9392083287239075, "validate_accuracy": 0.9014492630958557, "loss": 35.9582437351346}, "7": {"train_accuracy": 0.9431653022766113, "validate_accuracy": 0.8782608509063721, "loss": 34.60034041106701}, "8": {"train_accuracy": 0.9417264461517334, "validate_accuracy": 0.9536231756210327, "loss": 33.36169325793162}, "9": {"train_accuracy": 0.9446040987968445, "validate_accuracy": 0.9246376752853394, "loss": 32.26562364771962}}