{"0": {"train_accuracy": 0.6208633780479431, "validate_accuracy": 0.7971014380455017, "loss": 139.69734299182892}, "1": {"train_accuracy": 0.8230214715003967, "validate_accuracy": 0.7536231875419617, "loss": 71.52184623479843}, "2": {"train_accuracy": 0.8679855465888977, "validate_accuracy": 0.8985507488250732, "loss": 56.4176523052156}, "3": {"train_accuracy": 0.898920476436615, "validate_accuracy": 0.9072463512420654, "loss": 47.03774404153228}, "4": {"train_accuracy": 0.9176257848739624, "validate_accuracy": 0.886956512928009, "loss": 41.25874334573746}, "5": {"train_accuracy": 0.924460232257843, "validate_accuracy": 0.8840579986572266, "loss": 38.897006668150425}, "6": {"train_accuracy": 0.9316543340682983, "validate_accuracy": 0.9188405871391296, "loss": 36.36955006420612}, "7": {"train_accuracy": 0.9388487935066223, "validate_accuracy": 0.9333333373069763, "loss": 35.16104834340513}, "8": {"train_accuracy": 0.9356111884117126, "validate_accuracy": 0.8985507488250732, "loss": 34.853610921651125}, "9": {"train_accuracy": 0.9359709620475769, "validate_accuracy": 0.7130434513092041, "loss": 34.63163274154067}}