{"0": {"train_accuracy": 0.6294963359832764, "validate_accuracy": 0.834782600402832, "loss": 132.650384247303}, "1": {"train_accuracy": 0.791007399559021, "validate_accuracy": 0.5507246255874634, "loss": 80.64243575930595}, "2": {"train_accuracy": 0.8125901818275452, "validate_accuracy": 0.8782608509063721, "loss": 69.52083671092987}, "3": {"train_accuracy": 0.8399279117584229, "validate_accuracy": 0.8637681007385254, "loss": 60.42186641693115}, "4": {"train_accuracy": 0.8478419780731201, "validate_accuracy": 0.791304349899292, "loss": 59.03966943919659}, "5": {"train_accuracy": 0.8456834554672241, "validate_accuracy": 0.9275362491607666, "loss": 57.19771698117256}, "6": {"train_accuracy": 0.8546763062477112, "validate_accuracy": 0.8753623366355896, "loss": 54.27913582324982}, "7": {"train_accuracy": 0.8665466904640198, "validate_accuracy": 0.7246376872062683, "loss": 54.54027637094259}, "8": {"train_accuracy": 0.8633090257644653, "validate_accuracy": 0.9275362491607666, "loss": 53.77957030385733}, "9": {"train_accuracy": 0.8712230324745178, "validate_accuracy": 0.9536231756210327, "loss": 49.712290635332465}}