{"0": {"train_accuracy": 0.6769784092903137, "validate_accuracy": 0.7739130258560181, "loss": 114.95186042785645}, "1": {"train_accuracy": 0.8701438903808594, "validate_accuracy": 0.9159420132637024, "loss": 61.56793765723705}, "2": {"train_accuracy": 0.895683228969574, "validate_accuracy": 0.9130434989929199, "loss": 49.45572455227375}, "3": {"train_accuracy": 0.918704628944397, "validate_accuracy": 0.9014492630958557, "loss": 43.73365160822868}, "4": {"train_accuracy": 0.917625904083252, "validate_accuracy": 0.9333333373069763, "loss": 40.503405816853046}, "5": {"train_accuracy": 0.9273380041122437, "validate_accuracy": 0.9159420132637024, "loss": 38.695754021406174}, "6": {"train_accuracy": 0.927697479724884, "validate_accuracy": 0.95652174949646, "loss": 37.34589180350304}, "7": {"train_accuracy": 0.9327335357666016, "validate_accuracy": 0.9246376752853394, "loss": 35.88337182626128}, "8": {"train_accuracy": 0.9345322251319885, "validate_accuracy": 0.9507246613502502, "loss": 35.53472463786602}, "9": {"train_accuracy": 0.9330933690071106, "validate_accuracy": 0.9333333373069763, "loss": 34.7182788066566}}