{"0": {"train_accuracy": 0.3953237533569336, "validate_accuracy": 0.5623188614845276, "loss": 173.0014596581459}, "1": {"train_accuracy": 0.6600719690322876, "validate_accuracy": 0.7681159377098083, "loss": 120.90410339832306}, "2": {"train_accuracy": 0.8097121119499207, "validate_accuracy": 0.6985507011413574, "loss": 74.3577602058649}, "3": {"train_accuracy": 0.8438848853111267, "validate_accuracy": 0.8028985261917114, "loss": 60.123520851135254}, "4": {"train_accuracy": 0.870863139629364, "validate_accuracy": 0.895652174949646, "loss": 52.422283083200455}, "5": {"train_accuracy": 0.8913667798042297, "validate_accuracy": 0.9130434989929199, "loss": 45.85185367614031}, "6": {"train_accuracy": 0.8985610604286194, "validate_accuracy": 0.5884057879447937, "loss": 43.77756967395544}, "7": {"train_accuracy": 0.9118703603744507, "validate_accuracy": 0.8753623366355896, "loss": 42.17297854274511}, "8": {"train_accuracy": 0.9143883585929871, "validate_accuracy": 0.9275362491607666, "loss": 37.91091779433191}, "9": {"train_accuracy": 0.925179660320282, "validate_accuracy": 0.8231884241104126, "loss": 36.57566914707422}}