{"0": {"train_accuracy": 0.6179856061935425, "validate_accuracy": 0.7217391133308411, "loss": 132.9325401186943}, "1": {"train_accuracy": 0.7597119808197021, "validate_accuracy": 0.8289855122566223, "loss": 88.94491982460022}, "2": {"train_accuracy": 0.8028773665428162, "validate_accuracy": 0.8173912763595581, "loss": 73.75968784093857}, "3": {"train_accuracy": 0.8161870837211609, "validate_accuracy": 0.843478262424469, "loss": 68.5575604736805}, "4": {"train_accuracy": 0.8424462080001831, "validate_accuracy": 0.7362318634986877, "loss": 59.95564566552639}}