{
  "0": {
    "train_accuracy": 0.597841739654541,
    "validate_accuracy": 0.7159420251846313,
    "loss": 139.3213192820549
  },
  "1": {
    "train_accuracy": 0.8154675960540771,
    "validate_accuracy": 0.8666666746139526,
    "loss": 77.4846239387989
  },
  "2": {
    "train_accuracy": 0.8640285730361938,
    "validate_accuracy": 0.8695651888847351,
    "loss": 60.062077939510345
  },
  "3": {
    "train_accuracy": 0.887769877910614,
    "validate_accuracy": 0.9072463512420654,
    "loss": 51.13696175813675
  },
  "4": {
    "train_accuracy": 0.9032373428344727,
    "validate_accuracy": 0.852173924446106,
    "loss": 45.44608171284199
  }
}