{
  "0": {
    "train_accuracy": 0.40755394101142883,
    "validate_accuracy": 0.5362318754196167,
    "loss": 168.54972702264786
  },
  "1": {
    "train_accuracy": 0.5467624068260193,
    "validate_accuracy": 0.7072463631629944,
    "loss": 143.82811045646667
  },
  "2": {
    "train_accuracy": 0.6388488411903381,
    "validate_accuracy": 0.7855072617530823,
    "loss": 124.22897005081177
  },
  "3": {
    "train_accuracy": 0.6902875900268555,
    "validate_accuracy": 0.8608695864677429,
    "loss": 107.13843536376953
  },
  "4": {
    "train_accuracy": 0.6910071969032288,
    "validate_accuracy": 0.8086956739425659,
    "loss": 101.24933171272278
  }
}