{"0": {"train_accuracy": 0.6956835985183716, "validate_accuracy": 0.852173924446106, "loss": 113.03852406144142}, "1": {"train_accuracy": 0.8575537800788879, "validate_accuracy": 0.8840579986572266, "loss": 62.43959739804268}, "2": {"train_accuracy": 0.884891927242279, "validate_accuracy": 0.9188405871391296, "loss": 49.12364876270294}, "3": {"train_accuracy": 0.9057550430297852, "validate_accuracy": 0.9333333373069763, "loss": 43.14504924416542}, "4": {"train_accuracy": 0.919783890247345, "validate_accuracy": 0.9304347634315491, "loss": 38.41750632598996}, "5": {"train_accuracy": 0.9255395531654358, "validate_accuracy": 0.9304347634315491, "loss": 35.69521060585976}, "6": {"train_accuracy": 0.9356111884117126, "validate_accuracy": 0.9536231756210327, "loss": 34.47224282473326}, "7": {"train_accuracy": 0.9352514743804932, "validate_accuracy": 0.9362319111824036, "loss": 33.41798717901111}, "8": {"train_accuracy": 0.9363306760787964, "validate_accuracy": 0.9536231756210327, "loss": 32.567773973569274}, "9": {"train_accuracy": 0.9377694725990295, "validate_accuracy": 0.9362319111824036, "loss": 31.842681281268597}}