{
  "0": {
    "train_accuracy": 0.7438849806785583,
    "validate_accuracy": 0.8376811742782593,
    "loss": 98.10378138720989
  },
  "1": {
    "train_accuracy": 0.8571943640708923,
    "validate_accuracy": 0.8492753505706787,
    "loss": 61.26963323354721
  },
  "2": {
    "train_accuracy": 0.8834533095359802,
    "validate_accuracy": 0.8753623366355896,
    "loss": 50.31019842624664
  },
  "3": {
    "train_accuracy": 0.9017983675003052,
    "validate_accuracy": 0.9188405871391296,
    "loss": 43.860384633764625
  },
  "4": {
    "train_accuracy": 0.9104313254356384,
    "validate_accuracy": 0.8811594247817993,
    "loss": 39.78624051809311
  }
}