{"0": {"train_accuracy": 0.5449870228767395, "validate_accuracy": 0.7470588088035583, "loss": 59.24703532457352}, "1": {"train_accuracy": 0.7855411171913147, "validate_accuracy": 0.8147059082984924, "loss": 34.05404984951019}, "2": {"train_accuracy": 0.8321731686592102, "validate_accuracy": 0.8500000238418579, "loss": 27.25705635547638}, "3": {"train_accuracy": 0.8560866117477417, "validate_accuracy": 0.841176450252533, "loss": 23.625373780727386}, "4": {"train_accuracy": 0.8682251572608948, "validate_accuracy": 0.8941176533699036, "loss": 21.09052810072899}, "5": {"train_accuracy": 0.8877227306365967, "validate_accuracy": 0.9029411673545837, "loss": 19.497219756245613}, "6": {"train_accuracy": 0.9043635129928589, "validate_accuracy": 0.9029411673545837, "loss": 17.991921693086624}, "7": {"train_accuracy": 0.9130908846855164, "validate_accuracy": 0.9147058725357056, "loss": 16.739153057336807}, "8": {"train_accuracy": 0.9172638058662415, "validate_accuracy": 0.9117646813392639, "loss": 16.102924898266792}, "9": {"train_accuracy": 0.9253158569335938, "validate_accuracy": 0.8823529481887817, "loss": 15.267580106854439}}