{
  "0": {
    "train_accuracy": 0.463669091463089,
    "validate_accuracy": 0.5681159496307373,
    "loss": 155.86810714006424
  },
  "1": {
    "train_accuracy": 0.669784426689148,
    "validate_accuracy": 0.782608687877655,
    "loss": 110.9938305914402
  },
  "2": {
    "train_accuracy": 0.8007194399833679,
    "validate_accuracy": 0.7942029237747192,
    "loss": 76.13935354351997
  },
  "3": {
    "train_accuracy": 0.8492805361747742,
    "validate_accuracy": 0.834782600402832,
    "loss": 62.88965356349945
  },
  "4": {
    "train_accuracy": 0.8708634376525879,
    "validate_accuracy": 0.8666666746139526,
    "loss": 53.88929755613208
  }
}