{"0": {"train_accuracy": 0.7230216860771179, "validate_accuracy": 0.8550724387168884, "loss": 105.20215445756912}, "1": {"train_accuracy": 0.8593524694442749, "validate_accuracy": 0.8028985261917114, "loss": 60.91936299204826}, "2": {"train_accuracy": 0.8892084360122681, "validate_accuracy": 0.9188405871391296, "loss": 49.36704729497433}, "3": {"train_accuracy": 0.9050357341766357, "validate_accuracy": 0.886956512928009, "loss": 43.79851497709751}, "4": {"train_accuracy": 0.9187046885490417, "validate_accuracy": 0.9130434989929199, "loss": 39.39869159460068}, "5": {"train_accuracy": 0.9273378849029541, "validate_accuracy": 0.9275362491607666, "loss": 37.123939625918865}, "6": {"train_accuracy": 0.9284169673919678, "validate_accuracy": 0.9246376752853394, "loss": 35.4706059768796}, "7": {"train_accuracy": 0.9399276971817017, "validate_accuracy": 0.904347836971283, "loss": 33.99567098170519}, "8": {"train_accuracy": 0.9424455761909485, "validate_accuracy": 0.9536231756210327, "loss": 33.13196639716625}, "9": {"train_accuracy": 0.9435247182846069, "validate_accuracy": 0.9507246613502502, "loss": 31.934024315327406}}