{"0": {"train_accuracy": 0.41582733392715454, "validate_accuracy": 0.5797101259231567, "loss": 176.06423729658127}, "1": {"train_accuracy": 0.7226618528366089, "validate_accuracy": 0.6927536129951477, "loss": 103.86406126618385}, "2": {"train_accuracy": 0.8169065713882446, "validate_accuracy": 0.7971014380455017, "loss": 66.32785381376743}, "3": {"train_accuracy": 0.8323741555213928, "validate_accuracy": 0.834782600402832, "loss": 58.82962594926357}, "4": {"train_accuracy": 0.846762478351593, "validate_accuracy": 0.8811594247817993, "loss": 53.63137103617191}, "5": {"train_accuracy": 0.8730213642120361, "validate_accuracy": 0.904347836971283, "loss": 48.142512291669846}, "6": {"train_accuracy": 0.8877696394920349, "validate_accuracy": 0.8202898502349854, "loss": 42.85795068740845}, "7": {"train_accuracy": 0.903596818447113, "validate_accuracy": 0.7333333492279053, "loss": 38.80452221632004}, "8": {"train_accuracy": 0.9226618409156799, "validate_accuracy": 0.8637681007385254, "loss": 37.239351861178875}, "9": {"train_accuracy": 0.9205033183097839, "validate_accuracy": 0.9072463512420654, "loss": 34.1186110265553}}