{"0": {"train_accuracy": 0.7025181651115417, "validate_accuracy": 0.8579710125923157, "loss": 112.97921839356422}, "1": {"train_accuracy": 0.8428054451942444, "validate_accuracy": 0.8405796885490417, "loss": 64.09612263739109}, "2": {"train_accuracy": 0.8827337622642517, "validate_accuracy": 0.9333333373069763, "loss": 51.53772097826004}, "3": {"train_accuracy": 0.9082730412483215, "validate_accuracy": 0.9130434989929199, "loss": 44.246230125427246}, "4": {"train_accuracy": 0.9233810901641846, "validate_accuracy": 0.9304347634315491, "loss": 39.76214352250099}, "5": {"train_accuracy": 0.9330933094024658, "validate_accuracy": 0.904347836971283, "loss": 36.99317003041506}, "6": {"train_accuracy": 0.9402875304222107, "validate_accuracy": 0.9246376752853394, "loss": 35.61617339029908}, "7": {"train_accuracy": 0.9424455761909485, "validate_accuracy": 0.904347836971283, "loss": 33.73791857808828}, "8": {"train_accuracy": 0.9474817514419556, "validate_accuracy": 0.9101449251174927, "loss": 32.94309316575527}, "9": {"train_accuracy": 0.949640154838562, "validate_accuracy": 0.9275362491607666, "loss": 32.020197451114655}}