{
  "0": {
    "train_accuracy": 0.4874100089073181,
    "validate_accuracy": 0.791304349899292,
    "loss": 173.29554003477097
  },
  "1": {
    "train_accuracy": 0.658633291721344,
    "validate_accuracy": 0.7797101736068726,
    "loss": 118.56178644299507
  },
  "2": {
    "train_accuracy": 0.6629496216773987,
    "validate_accuracy": 0.852173924446106,
    "loss": 108.29797205328941
  },
  "3": {
    "train_accuracy": 0.7043163776397705,
    "validate_accuracy": 0.7942029237747192,
    "loss": 100.29798772931099
  },
  "4": {
    "train_accuracy": 0.6996403336524963,
    "validate_accuracy": 0.843478262424469,
    "loss": 100.56148532032967
  }
}