{"0": {"train_accuracy": 0.7064746618270874, "validate_accuracy": 0.7971014380455017, "loss": 111.61894422769547}, "1": {"train_accuracy": 0.7910069823265076, "validate_accuracy": 0.8579710125923157, "loss": 75.87800021842122}, "2": {"train_accuracy": 0.8212231397628784, "validate_accuracy": 0.6898550987243652, "loss": 64.029895439744}, "3": {"train_accuracy": 0.8341724276542664, "validate_accuracy": 0.8318840861320496, "loss": 60.976187735795975}, "4": {"train_accuracy": 0.8410072326660156, "validate_accuracy": 0.8550724387168884, "loss": 57.154425114393234}, "5": {"train_accuracy": 0.8575539588928223, "validate_accuracy": 0.8289855122566223, "loss": 53.584693640470505}, "6": {"train_accuracy": 0.8741005659103394, "validate_accuracy": 0.8579710125923157, "loss": 50.48695506155491}, "7": {"train_accuracy": 0.8669062852859497, "validate_accuracy": 0.9304347634315491, "loss": 50.22925815731287}, "8": {"train_accuracy": 0.8690646886825562, "validate_accuracy": 0.8898550868034363, "loss": 49.39073747396469}, "9": {"train_accuracy": 0.8683452606201172, "validate_accuracy": 0.8144927620887756, "loss": 49.90505725890398}}