{"0": {"train_accuracy": 0.7135035991668701, "validate_accuracy": 0.7676470875740051, "loss": 114.90618360042572}, "1": {"train_accuracy": 0.830291748046875, "validate_accuracy": 0.3911764621734619, "loss": 69.91568717360497}, "2": {"train_accuracy": 0.8565691113471985, "validate_accuracy": 0.6411764621734619, "loss": 58.38494320213795}, "3": {"train_accuracy": 0.8981752395629883, "validate_accuracy": 0.8970588445663452, "loss": 45.33044462092221}, "4": {"train_accuracy": 0.9164230227470398, "validate_accuracy": 0.779411792755127, "loss": 39.747882373631}, "5": {"train_accuracy": 0.9346712231636047, "validate_accuracy": 0.7617647051811218, "loss": 37.940977085381746}, "6": {"train_accuracy": 0.9306568503379822, "validate_accuracy": 0.9323529601097107, "loss": 35.67926998063922}, "7": {"train_accuracy": 0.9390506148338318, "validate_accuracy": 0.7941176295280457, "loss": 33.43249522149563}, "8": {"train_accuracy": 0.9390507340431213, "validate_accuracy": 0.908823549747467, "loss": 33.14400128275156}, "9": {"train_accuracy": 0.9445253014564514, "validate_accuracy": 0.9647058844566345, "loss": 31.859432132099755}}