{"0": {"train_accuracy": 0.4787769913673401, "validate_accuracy": 0.582608699798584, "loss": 167.5081837773323}, "1": {"train_accuracy": 0.7021581530570984, "validate_accuracy": 0.7159420251846313, "loss": 105.35768061876297}, "2": {"train_accuracy": 0.7827339172363281, "validate_accuracy": 0.7884057760238647, "loss": 72.08731412887573}, "3": {"train_accuracy": 0.8194246292114258, "validate_accuracy": 0.7449275255203247, "loss": 62.59757572412491}, "4": {"train_accuracy": 0.8517985343933105, "validate_accuracy": 0.7159420251846313, "loss": 55.37509432435036}, "5": {"train_accuracy": 0.8794964551925659, "validate_accuracy": 0.8811594247817993, "loss": 48.77413832396269}, "6": {"train_accuracy": 0.9017983078956604, "validate_accuracy": 0.9420289993286133, "loss": 41.97768311947584}, "7": {"train_accuracy": 0.9154676795005798, "validate_accuracy": 0.9246376752853394, "loss": 37.42079447954893}, "8": {"train_accuracy": 0.9187049269676208, "validate_accuracy": 0.834782600402832, "loss": 36.536007180809975}, "9": {"train_accuracy": 0.925179660320282, "validate_accuracy": 0.8753623366355896, "loss": 34.59643307328224}}