{
  "0": {
    "train_accuracy": 0.5550359487533569,
    "validate_accuracy": 0.6463767886161804,
    "loss": 141.9345108270645
  },
  "1": {
    "train_accuracy": 0.8197843432426453,
    "validate_accuracy": 0.8753623366355896,
    "loss": 81.9407197535038
  },
  "2": {
    "train_accuracy": 0.8787769079208374,
    "validate_accuracy": 0.8927536010742188,
    "loss": 56.54538191854954
  },
  "3": {
    "train_accuracy": 0.8949639201164246,
    "validate_accuracy": 0.904347836971283,
    "loss": 47.96398130059242
  },
  "4": {
    "train_accuracy": 0.9100717306137085,
    "validate_accuracy": 0.8115941882133484,
    "loss": 43.479551531374454
  }
}