{"0": {"train_accuracy": 0.6726276278495789, "validate_accuracy": 0.7852941155433655, "loss": 119.00812250375748}, "1": {"train_accuracy": 0.825912356376648, "validate_accuracy": 0.6264705657958984, "loss": 67.9035821557045}, "2": {"train_accuracy": 0.8602190613746643, "validate_accuracy": 0.800000011920929, "loss": 52.70311386883259}, "3": {"train_accuracy": 0.8985400795936584, "validate_accuracy": 0.8911764621734619, "loss": 44.68071065098047}, "4": {"train_accuracy": 0.9116787910461426, "validate_accuracy": 0.6294117569923401, "loss": 43.539485186338425}, "5": {"train_accuracy": 0.9105836749076843, "validate_accuracy": 0.929411768913269, "loss": 41.92346798628569}, "6": {"train_accuracy": 0.926642119884491, "validate_accuracy": 0.9529411792755127, "loss": 35.96502926090034}, "7": {"train_accuracy": 0.9299268126487732, "validate_accuracy": 0.9117646813392639, "loss": 34.94161964207888}, "8": {"train_accuracy": 0.9339412450790405, "validate_accuracy": 0.8588235378265381, "loss": 34.30851569771767}, "9": {"train_accuracy": 0.9335763454437256, "validate_accuracy": 0.9470587968826294, "loss": 33.63498913869262}}