{"0": {"train_accuracy": 0.7010790109634399, "validate_accuracy": 0.8376811742782593, "loss": 110.41853839159012}, "1": {"train_accuracy": 0.8712229132652283, "validate_accuracy": 0.9420289993286133, "loss": 60.83751629292965}, "2": {"train_accuracy": 0.8978414535522461, "validate_accuracy": 0.8811594247817993, "loss": 49.662617430090904}, "3": {"train_accuracy": 0.9115105867385864, "validate_accuracy": 0.8811594247817993, "loss": 44.70300731062889}, "4": {"train_accuracy": 0.9266183972358704, "validate_accuracy": 0.9449275135993958, "loss": 40.887308683246374}}