{"0": {"train_accuracy": 0.7287768721580505, "validate_accuracy": 0.800000011920929, "loss": 107.66308648884296}, "1": {"train_accuracy": 0.8629493117332458, "validate_accuracy": 0.8811594247817993, "loss": 60.838305324316025}, "2": {"train_accuracy": 0.8946042060852051, "validate_accuracy": 0.8811594247817993, "loss": 48.34204022586346}, "3": {"train_accuracy": 0.9147480726242065, "validate_accuracy": 0.9188405871391296, "loss": 42.015842996537685}, "4": {"train_accuracy": 0.9201434850692749, "validate_accuracy": 0.8753623366355896, "loss": 38.844659209251404}, "5": {"train_accuracy": 0.9316544532775879, "validate_accuracy": 0.9246376752853394, "loss": 36.097661554813385}, "6": {"train_accuracy": 0.9341722726821899, "validate_accuracy": 0.9159420132637024, "loss": 35.03804001957178}, "7": {"train_accuracy": 0.9388484954833984, "validate_accuracy": 0.9333333373069763, "loss": 33.5317279137671}, "8": {"train_accuracy": 0.9402872920036316, "validate_accuracy": 0.9449275135993958, "loss": 33.18017237260938}, "9": {"train_accuracy": 0.9384888410568237, "validate_accuracy": 0.9188405871391296, "loss": 32.81594402715564}}