{"0": {"train_accuracy": 0.5769786834716797, "validate_accuracy": 0.7275362610816956, "loss": 147.4390938282013}, "1": {"train_accuracy": 0.8212228417396545, "validate_accuracy": 0.8144927620887756, "loss": 78.49169400334358}, "2": {"train_accuracy": 0.8571940660476685, "validate_accuracy": 0.695652186870575, "loss": 62.64408329129219}, "3": {"train_accuracy": 0.8838128447532654, "validate_accuracy": 0.8840579986572266, "loss": 50.896815944463015}, "4": {"train_accuracy": 0.9107911586761475, "validate_accuracy": 0.8405796885490417, "loss": 43.18075108528137}, "5": {"train_accuracy": 0.9212229251861572, "validate_accuracy": 0.9304347634315491, "loss": 39.98941449751146}, "6": {"train_accuracy": 0.9280574321746826, "validate_accuracy": 0.9507246613502502, "loss": 37.661676004529}, "7": {"train_accuracy": 0.934532105922699, "validate_accuracy": 0.8927536010742188, "loss": 36.52274265140295}, "8": {"train_accuracy": 0.9320141673088074, "validate_accuracy": 0.9159420132637024, "loss": 35.48863285407424}, "9": {"train_accuracy": 0.927697479724884, "validate_accuracy": 0.9333333373069763, "loss": 34.442287504673004}}