{
  "0": {
    "train_accuracy": 0.32194244861602783,
    "validate_accuracy": 0.3072463870048523,
    "loss": 189.61135470867157
  },
  "1": {
    "train_accuracy": 0.32769787311553955,
    "validate_accuracy": 0.31594201922416687,
    "loss": 165.75317132472992
  },
  "2": {
    "train_accuracy": 0.6007194519042969,
    "validate_accuracy": 0.6840579509735107,
    "loss": 147.5679930448532
  },
  "3": {
    "train_accuracy": 0.7061149477958679,
    "validate_accuracy": 0.739130437374115,
    "loss": 124.16123223304749
  },
  "4": {
    "train_accuracy": 0.7320147156715393,
    "validate_accuracy": 0.7623188495635986,
    "loss": 108.43571643531322
  }
}