{"0": {"train_accuracy": 0.42697834968566895, "validate_accuracy": 0.5594202876091003, "loss": 171.22891974449158}, "1": {"train_accuracy": 0.618705153465271, "validate_accuracy": 0.730434775352478, "loss": 124.12021285295486}, "2": {"train_accuracy": 0.7625898122787476, "validate_accuracy": 0.8231884241104126, "loss": 80.9683078378439}, "3": {"train_accuracy": 0.8133091330528259, "validate_accuracy": 0.8318840861320496, "loss": 62.14780670404434}, "4": {"train_accuracy": 0.8359713554382324, "validate_accuracy": 0.8666666746139526, "loss": 55.43167573958635}, "5": {"train_accuracy": 0.8643883466720581, "validate_accuracy": 0.8202898502349854, "loss": 50.4425997287035}, "6": {"train_accuracy": 0.8870503306388855, "validate_accuracy": 0.8811594247817993, "loss": 44.563775073736906}, "7": {"train_accuracy": 0.908273458480835, "validate_accuracy": 0.9072463512420654, "loss": 39.149761743843555}, "8": {"train_accuracy": 0.9104316234588623, "validate_accuracy": 0.8028985261917114, "loss": 36.97118838876486}, "9": {"train_accuracy": 0.9154672622680664, "validate_accuracy": 0.7565217614173889, "loss": 35.43238588795066}}