{"0": {"train_accuracy": 0.7219427227973938, "validate_accuracy": 0.7768115997314453, "loss": 107.1171800494194}, "1": {"train_accuracy": 0.8370505571365356, "validate_accuracy": 0.8724637627601624, "loss": 63.77007746696472}, "2": {"train_accuracy": 0.8715825080871582, "validate_accuracy": 0.9188405871391296, "loss": 52.61639142036438}, "3": {"train_accuracy": 0.8982013463973999, "validate_accuracy": 0.9333333373069763, "loss": 46.274712808430195}, "4": {"train_accuracy": 0.9125896692276001, "validate_accuracy": 0.9130434989929199, "loss": 42.222933024168015}, "5": {"train_accuracy": 0.9197838306427002, "validate_accuracy": 0.8840579986572266, "loss": 39.637899339199066}, "6": {"train_accuracy": 0.9287768006324768, "validate_accuracy": 0.947826087474823, "loss": 37.71438290923834}, "7": {"train_accuracy": 0.9309352040290833, "validate_accuracy": 0.9536231756210327, "loss": 36.52508009970188}, "8": {"train_accuracy": 0.9356113076210022, "validate_accuracy": 0.9420289993286133, "loss": 35.36185281723738}, "9": {"train_accuracy": 0.9392083287239075, "validate_accuracy": 0.9101449251174927, "loss": 34.42844318598509}}