{
  "0": {
    "train_accuracy": 0.4492805600166321,
    "validate_accuracy": 0.4956521689891815,
    "loss": 171.29945346713066
  },
  "1": {
    "train_accuracy": 0.6086329221725464,
    "validate_accuracy": 0.634782612323761,
    "loss": 131.6109426021576
  },
  "2": {
    "train_accuracy": 0.6758992075920105,
    "validate_accuracy": 0.678260862827301,
    "loss": 103.15749007463455
  },
  "3": {
    "train_accuracy": 0.7449641227722168,
    "validate_accuracy": 0.8144927620887756,
    "loss": 83.79143487662077
  },
  "4": {
    "train_accuracy": 0.8291367292404175,
    "validate_accuracy": 0.7449275255203247,
    "loss": 69.34412284195423
  }
}