{"0": {"train_accuracy": 0.4697842597961426, "validate_accuracy": 0.6695652008056641, "loss": 157.5411198735237}, "1": {"train_accuracy": 0.7474820613861084, "validate_accuracy": 0.8057971000671387, "loss": 102.20515516400337}, "2": {"train_accuracy": 0.7784172296524048, "validate_accuracy": 0.8202898502349854, "loss": 82.70244194567204}, "3": {"train_accuracy": 0.8021582961082458, "validate_accuracy": 0.8405796885490417, "loss": 72.357835739851}, "4": {"train_accuracy": 0.8115109205245972, "validate_accuracy": 0.8637681007385254, "loss": 63.77186319231987}}