{"0": {"train_accuracy": 0.6848919987678528, "validate_accuracy": 0.7420290112495422, "loss": 117.99024477601051}, "1": {"train_accuracy": 0.8334531784057617, "validate_accuracy": 0.8202898502349854, "loss": 65.1955196261406}, "2": {"train_accuracy": 0.8687050342559814, "validate_accuracy": 0.7884057760238647, "loss": 53.20950272679329}, "3": {"train_accuracy": 0.896043062210083, "validate_accuracy": 0.8666666746139526, "loss": 46.3128777295351}, "4": {"train_accuracy": 0.9125896692276001, "validate_accuracy": 0.8666666746139526, "loss": 42.0254829749465}, "5": {"train_accuracy": 0.918345034122467, "validate_accuracy": 0.9420289993286133, "loss": 39.3873832821846}, "6": {"train_accuracy": 0.9284169673919678, "validate_accuracy": 0.9159420132637024, "loss": 37.479164607822895}, "7": {"train_accuracy": 0.9327335357666016, "validate_accuracy": 0.8666666746139526, "loss": 35.325544498860836}, "8": {"train_accuracy": 0.9377695918083191, "validate_accuracy": 0.95652174949646, "loss": 34.01199436560273}, "9": {"train_accuracy": 0.9399276971817017, "validate_accuracy": 0.9159420132637024, "loss": 33.784359969198704}}