{
  "0": {
    "train_accuracy": 0.4503597617149353,
    "validate_accuracy": 0.6492753624916077,
    "loss": 172.77351480722427
  },
  "1": {
    "train_accuracy": 0.6219424605369568,
    "validate_accuracy": 0.7971014380455017,
    "loss": 130.1434081196785
  },
  "2": {
    "train_accuracy": 0.6989207863807678,
    "validate_accuracy": 0.8260869383811951,
    "loss": 105.46458715200424
  },
  "3": {
    "train_accuracy": 0.7320142984390259,
    "validate_accuracy": 0.791304349899292,
    "loss": 92.88302636146545
  },
  "4": {
    "train_accuracy": 0.7338128685951233,
    "validate_accuracy": 0.886956512928009,
    "loss": 89.40135508775711
  }
}