{
  "0": {
    "train_accuracy": 0.539928138256073,
    "validate_accuracy": 0.7420290112495422,
    "loss": 150.71156504750252
  },
  "1": {
    "train_accuracy": 0.6420863270759583,
    "validate_accuracy": 0.7797101736068726,
    "loss": 113.80545401573181
  },
  "2": {
    "train_accuracy": 0.6651079058647156,
    "validate_accuracy": 0.530434787273407,
    "loss": 105.07811298966408
  },
  "3": {
    "train_accuracy": 0.6899280548095703,
    "validate_accuracy": 0.6753623485565186,
    "loss": 99.79461336135864
  },
  "4": {
    "train_accuracy": 0.6956832408905029,
    "validate_accuracy": 0.730434775352478,
    "loss": 98.54703530669212
  }
}