{
  "0": {
    "train_accuracy": 0.4122301936149597,
    "validate_accuracy": 0.5884057879447937,
    "loss": 167.1829549074173
  },
  "1": {
    "train_accuracy": 0.6395683288574219,
    "validate_accuracy": 0.7043478488922119,
    "loss": 120.02188324928284
  },
  "2": {
    "train_accuracy": 0.708633303642273,
    "validate_accuracy": 0.739130437374115,
    "loss": 98.33171658962965
  },
  "3": {
    "train_accuracy": 0.7582733631134033,
    "validate_accuracy": 0.7652173638343811,
    "loss": 84.96736735105515
  },
  "4": {
    "train_accuracy": 0.8133092522621155,
    "validate_accuracy": 0.8666666746139526,
    "loss": 75.07962566614151
  }
}