{"0": {"train_accuracy": 0.5201438069343567, "validate_accuracy": 0.6840579509735107, "loss": 157.84650617837906}, "1": {"train_accuracy": 0.714388370513916, "validate_accuracy": 0.7043478488922119, "loss": 102.64491826295853}, "2": {"train_accuracy": 0.7647481560707092, "validate_accuracy": 0.8579710125923157, "loss": 86.1907357275486}, "3": {"train_accuracy": 0.7899280786514282, "validate_accuracy": 0.782608687877655, "loss": 75.85211044549942}, "4": {"train_accuracy": 0.8208634853363037, "validate_accuracy": 0.8144927620887756, "loss": 67.2245551943779}}