{"0": {"train_accuracy": 0.7219424247741699, "validate_accuracy": 0.7043478488922119, "loss": 104.43666395545006}, "1": {"train_accuracy": 0.862949550151825, "validate_accuracy": 0.8260869383811951, "loss": 61.42279490828514}, "2": {"train_accuracy": 0.8946041464805603, "validate_accuracy": 0.7797101736068726, "loss": 49.723486855626106}, "3": {"train_accuracy": 0.91294926404953, "validate_accuracy": 0.9159420132637024, "loss": 43.56353405863047}, "4": {"train_accuracy": 0.9258991479873657, "validate_accuracy": 0.8840579986572266, "loss": 39.91933585703373}, "5": {"train_accuracy": 0.9241003394126892, "validate_accuracy": 0.9304347634315491, "loss": 37.928123623132706}, "6": {"train_accuracy": 0.934891939163208, "validate_accuracy": 0.8202898502349854, "loss": 36.1357359290123}, "7": {"train_accuracy": 0.9348918199539185, "validate_accuracy": 0.9217391014099121, "loss": 35.630708791315556}, "8": {"train_accuracy": 0.9456831216812134, "validate_accuracy": 0.8927536010742188, "loss": 33.8216019384563}, "9": {"train_accuracy": 0.9341722726821899, "validate_accuracy": 0.7362318634986877, "loss": 38.80228494852781}}