{
  "0": {
    "train_accuracy": 0.792805552482605,
    "validate_accuracy": 0.8144927620887756,
    "loss": 88.0348673760891
  },
  "1": {
    "train_accuracy": 0.8863309025764465,
    "validate_accuracy": 0.8376811742782593,
    "loss": 52.07243192195892
  },
  "2": {
    "train_accuracy": 0.9169062972068787,
    "validate_accuracy": 0.9188405871391296,
    "loss": 43.543020851910114
  },
  "3": {
    "train_accuracy": 0.9237407445907593,
    "validate_accuracy": 0.8608695864677429,
    "loss": 39.83292520046234
  },
  "4": {
    "train_accuracy": 0.9341722726821899,
    "validate_accuracy": 0.9159420132637024,
    "loss": 37.0192166864872
  },
  "5": {
    "train_accuracy": 0.939568042755127,
    "validate_accuracy": 0.9420289993286133,
    "loss": 35.3776388540864
  },
  "6": {
    "train_accuracy": 0.9420859813690186,
    "validate_accuracy": 0.8666666746139526,
    "loss": 34.590214766561985
  },
  "7": {
    "train_accuracy": 0.9438846707344055,
    "validate_accuracy": 0.9362319111824036,
    "loss": 33.9321077009663
  },
  "8": {
    "train_accuracy": 0.9507191777229309,
    "validate_accuracy": 0.9420289993286133,
    "loss": 32.783869575709105
  },
  "9": {
    "train_accuracy": 0.9496398568153381,
    "validate_accuracy": 0.947826087474823,
    "loss": 32.101624853909016
  }
}