{"0": {"train_accuracy": 0.7200731039047241, "validate_accuracy": 0.8176470398902893, "loss": 113.01382595300674}, "1": {"train_accuracy": 0.8675183057785034, "validate_accuracy": 0.8352941274642944, "loss": 62.2744005471468}, "2": {"train_accuracy": 0.8886861205101013, "validate_accuracy": 0.8823529481887817, "loss": 49.73492845147848}, "3": {"train_accuracy": 0.9131385684013367, "validate_accuracy": 0.8117647171020508, "loss": 43.54523503035307}, "4": {"train_accuracy": 0.9229925274848938, "validate_accuracy": 0.9029411673545837, "loss": 39.28150934726}, "5": {"train_accuracy": 0.9346712231636047, "validate_accuracy": 0.9176470637321472, "loss": 36.20789796859026}, "6": {"train_accuracy": 0.9419704079627991, "validate_accuracy": 0.949999988079071, "loss": 33.81064313650131}, "7": {"train_accuracy": 0.9427004456520081, "validate_accuracy": 0.9176470637321472, "loss": 32.314365707337856}, "8": {"train_accuracy": 0.9470798373222351, "validate_accuracy": 0.9441176652908325, "loss": 31.74921367317438}, "9": {"train_accuracy": 0.9514595866203308, "validate_accuracy": 0.8323529362678528, "loss": 30.90185932070017}}