{"0": {"train_accuracy": 0.656204342842102, "validate_accuracy": 0.7352941036224365, "loss": 122.52894054353237}, "1": {"train_accuracy": 0.806204617023468, "validate_accuracy": 0.8117647171020508, "loss": 71.73079014196992}, "2": {"train_accuracy": 0.8434305191040039, "validate_accuracy": 0.7147058844566345, "loss": 60.25882922112942}, "3": {"train_accuracy": 0.864233672618866, "validate_accuracy": 0.8647058606147766, "loss": 52.60674545541406}, "4": {"train_accuracy": 0.8934304714202881, "validate_accuracy": 0.8470588326454163, "loss": 46.0828362852335}, "5": {"train_accuracy": 0.8941600918769836, "validate_accuracy": 0.6352941393852234, "loss": 42.400257252156734}, "6": {"train_accuracy": 0.9109485745429993, "validate_accuracy": 0.949999988079071, "loss": 41.00996551197022}, "7": {"train_accuracy": 0.9284669160842896, "validate_accuracy": 0.949999988079071, "loss": 36.494437825866044}, "8": {"train_accuracy": 0.9317516684532166, "validate_accuracy": 0.9235293865203857, "loss": 35.03503480908694}, "9": {"train_accuracy": 0.9368607997894287, "validate_accuracy": 0.8500000238418579, "loss": 34.3826464433223}, "10": {"train_accuracy": 0.9423356056213379, "validate_accuracy": 0.9470587968826294, "loss": 33.19517780141905}, "11": {"train_accuracy": 0.9474450349807739, "validate_accuracy": 0.9441176652908325, "loss": 32.67536947131157}, "12": {"train_accuracy": 0.9408756494522095, "validate_accuracy": 0.6941176652908325, "loss": 32.57037492841482}, "13": {"train_accuracy": 0.9379559755325317, "validate_accuracy": 0.9588235020637512, "loss": 35.060214119032025}, "14": {"train_accuracy": 0.9478099346160889, "validate_accuracy": 0.9352940917015076, "loss": 31.213948925957084}, "15": {"train_accuracy": 0.9456201195716858, "validate_accuracy": 0.9382352828979492, "loss": 31.219148226082325}, "16": {"train_accuracy": 0.9423353672027588, "validate_accuracy": 0.8117647171020508, "loss": 31.489028327167034}, "17": {"train_accuracy": 0.9434301853179932, "validate_accuracy": 0.9352940917015076, "loss": 32.11684556491673}, "18": {"train_accuracy": 0.9496350884437561, "validate_accuracy": 0.9441176652908325, "loss": 30.33196434797719}, "19": {"train_accuracy": 0.9441601634025574, "validate_accuracy": 0.8617647290229797, "loss": 30.687491865828633}, "20": {"train_accuracy": 0.9427004456520081, "validate_accuracy": 0.7911764979362488, "loss": 31.641128215938807}, "21": {"train_accuracy": 0.9474451541900635, "validate_accuracy": 0.9235293865203857, "loss": 31.082568772137165}, "22": {"train_accuracy": 0.9445250630378723, "validate_accuracy": 0.9558823704719543, "loss": 29.951445180922747}, "23": {"train_accuracy": 0.9492698907852173, "validate_accuracy": 0.9470587968826294, "loss": 30.19537547021173}, "24": {"train_accuracy": 0.9394159317016602, "validate_accuracy": 0.9617646932601929, "loss": 31.038329211995006}, "25": {"train_accuracy": 0.9489045739173889, "validate_accuracy": 0.9323529601097107, "loss": 29.949918748810887}, "26": {"train_accuracy": 0.9496347308158875, "validate_accuracy": 0.8852941393852234, "loss": 30.72810948640108}, "27": {"train_accuracy": 0.9445250630378723, "validate_accuracy": 0.9676470756530762, "loss": 30.498753975567524}, "28": {"train_accuracy": 0.9485397934913635, "validate_accuracy": 0.9411764740943909, "loss": 29.303543347865343}, "29": {"train_accuracy": 0.94744473695755, "validate_accuracy": 0.9647058844566345, "loss": 29.47811309574172}, "30": {"train_accuracy": 0.9492698907852173, "validate_accuracy": 0.9676470756530762, "loss": 29.14704392105341}, "31": {"train_accuracy": 0.9507297873497009, "validate_accuracy": 0.970588207244873, "loss": 29.37407130934298}, "32": {"train_accuracy": 0.9485400319099426, "validate_accuracy": 0.9588235020637512, "loss": 29.439552707597613}, "33": {"train_accuracy": 0.9529194235801697, "validate_accuracy": 0.9352940917015076, "loss": 28.885775086906506}, "34": {"train_accuracy": 0.951824426651001, "validate_accuracy": 0.9617646932601929, "loss": 28.712070357047196}, "35": {"train_accuracy": 0.9510945677757263, "validate_accuracy": 0.9647058844566345, "loss": 28.99837832758203}, "36": {"train_accuracy": 0.9467149972915649, "validate_accuracy": 0.9676470756530762, "loss": 29.571366971824318}, "37": {"train_accuracy": 0.955474317073822, "validate_accuracy": 0.6058823466300964, "loss": 29.135733988136053}, "38": {"train_accuracy": 0.9427002668380737, "validate_accuracy": 0.949999988079071, "loss": 32.79496130225016}, "39": {"train_accuracy": 0.9521893262863159, "validate_accuracy": 0.9735293984413147, "loss": 28.284317303447892}, "40": {"train_accuracy": 0.9536494612693787, "validate_accuracy": 0.9617646932601929, "loss": 29.149131655693054}, "41": {"train_accuracy": 0.9532843828201294, "validate_accuracy": 0.929411768913269, "loss": 29.007474889978766}, "42": {"train_accuracy": 0.9510946869850159, "validate_accuracy": 0.979411780834198, "loss": 28.96368245407939}, "43": {"train_accuracy": 0.9558390378952026, "validate_accuracy": 0.9735293984413147, "loss": 28.664916118606925}, "44": {"train_accuracy": 0.956203818321228, "validate_accuracy": 0.9735293984413147, "loss": 28.24148854566738}, "45": {"train_accuracy": 0.9485397934913635, "validate_accuracy": 0.908823549747467, "loss": 28.93389070034027}, "46": {"train_accuracy": 0.9448902606964111, "validate_accuracy": 0.8117647171020508, "loss": 29.65990741737187}, "47": {"train_accuracy": 0.9503648281097412, "validate_accuracy": 0.9617646932601929, "loss": 29.98328033229336}, "48": {"train_accuracy": 0.9514596462249756, "validate_accuracy": 0.970588207244873, "loss": 28.80167981752311}, "49": {"train_accuracy": 0.9529193043708801, "validate_accuracy": 0.9617646932601929, "loss": 27.987786036916077}, "50": {"train_accuracy": 0.9467151761054993, "validate_accuracy": 0.9823529124259949, "loss": 29.079383946955204}, "51": {"train_accuracy": 0.9551092982292175, "validate_accuracy": 0.9558823704719543, "loss": 28.140327053843066}, "52": {"train_accuracy": 0.955109179019928, "validate_accuracy": 0.9558823704719543, "loss": 28.50397764891386}, "53": {"train_accuracy": 0.9507296085357666, "validate_accuracy": 0.979411780834198, "loss": 28.67268320720177}, "54": {"train_accuracy": 0.9532842636108398, "validate_accuracy": 0.8970588445663452, "loss": 28.592512211529538}, "55": {"train_accuracy": 0.9474449157714844, "validate_accuracy": 0.9735293984413147, "loss": 28.846378142014146}, "56": {"train_accuracy": 0.951824426651001, "validate_accuracy": 0.970588207244873, "loss": 28.32418675813824}, "57": {"train_accuracy": 0.9547442197799683, "validate_accuracy": 0.9676470756530762, "loss": 27.972705563530326}, "58": {"train_accuracy": 0.9521896243095398, "validate_accuracy": 0.8882352709770203, "loss": 28.47992422617972}, "59": {"train_accuracy": 0.9510943293571472, "validate_accuracy": 0.8794117569923401, "loss": 29.97173459455371}, "60": {"train_accuracy": 0.9489047527313232, "validate_accuracy": 0.949999988079071, "loss": 28.919583374634385}, "61": {"train_accuracy": 0.9492697715759277, "validate_accuracy": 0.9588235020637512, "loss": 28.484485050663352}, "62": {"train_accuracy": 0.9514595866203308, "validate_accuracy": 0.9323529601097107, "loss": 28.37773601897061}, "63": {"train_accuracy": 0.9543793201446533, "validate_accuracy": 0.979411780834198, "loss": 28.266917943197768}, "64": {"train_accuracy": 0.9551090598106384, "validate_accuracy": 0.970588207244873, "loss": 28.38421419833321}, "65": {"train_accuracy": 0.9529191851615906, "validate_accuracy": 0.970588207244873, "loss": 28.067192811518908}, "66": {"train_accuracy": 0.9554741978645325, "validate_accuracy": 0.9382352828979492, "loss": 28.166592741326895}, "67": {"train_accuracy": 0.9598537683486938, "validate_accuracy": 0.979411780834198, "loss": 27.755543481247514}, "68": {"train_accuracy": 0.9470800757408142, "validate_accuracy": 0.970588207244873, "loss": 28.722088154405355}, "69": {"train_accuracy": 0.9441602826118469, "validate_accuracy": 0.8294117450714111, "loss": 29.824020095169544},