{"0": {"train_accuracy": 0.7036496996879578, "validate_accuracy": 0.8029412031173706, "loss": 115.81375488638878}, "1": {"train_accuracy": 0.8861311674118042, "validate_accuracy": 0.8999999761581421, "loss": 57.3700083643198}, "2": {"train_accuracy": 0.9113137125968933, "validate_accuracy": 0.9147058725357056, "loss": 45.00344693288207}, "3": {"train_accuracy": 0.9189779758453369, "validate_accuracy": 0.9264705777168274, "loss": 40.48031387850642}, "4": {"train_accuracy": 0.929196834564209, "validate_accuracy": 0.9205882549285889, "loss": 37.66025471687317}, "5": {"train_accuracy": 0.9310216903686523, "validate_accuracy": 0.770588219165802, "loss": 37.10252853482962}, "6": {"train_accuracy": 0.929926872253418, "validate_accuracy": 0.9382352828979492, "loss": 35.88252031756565}, "7": {"train_accuracy": 0.9354013204574585, "validate_accuracy": 0.9264705777168274, "loss": 34.288619493716396}, "8": {"train_accuracy": 0.9375907778739929, "validate_accuracy": 0.9352940917015076, "loss": 33.68539401143789}, "9": {"train_accuracy": 0.9419704675674438, "validate_accuracy": 0.9382352828979492, "loss": 32.721726261486765}, "10": {"train_accuracy": 0.9448901414871216, "validate_accuracy": 0.9352940917015076, "loss": 32.03362640715204}, "11": {"train_accuracy": 0.9427003264427185, "validate_accuracy": 0.9117646813392639, "loss": 31.907319992780685}, "12": {"train_accuracy": 0.9441601634025574, "validate_accuracy": 0.9117646813392639, "loss": 31.111010774970055}, "13": {"train_accuracy": 0.9459850192070007, "validate_accuracy": 0.9411764740943909, "loss": 30.82456541620195}, "14": {"train_accuracy": 0.9441602826118469, "validate_accuracy": 0.9147058725357056, "loss": 31.227578593418002}, "15": {"train_accuracy": 0.9521894454956055, "validate_accuracy": 0.9588235020637512, "loss": 30.025616738945246}, "16": {"train_accuracy": 0.9478098154067993, "validate_accuracy": 0.8382353186607361, "loss": 30.228644337505102}, "17": {"train_accuracy": 0.954379141330719, "validate_accuracy": 0.9441176652908325, "loss": 29.98828177456744}, "18": {"train_accuracy": 0.9474449157714844, "validate_accuracy": 0.8999999761581421, "loss": 30.872665610164404}, "19": {"train_accuracy": 0.9481750130653381, "validate_accuracy": 0.9323529601097107, "loss": 30.62530323676765}, "20": {"train_accuracy": 0.9489046931266785, "validate_accuracy": 0.9470587968826294, "loss": 29.397531119640917}, "21": {"train_accuracy": 0.954014241695404, "validate_accuracy": 0.9117646813392639, "loss": 28.644191390369087}, "22": {"train_accuracy": 0.9507297277450562, "validate_accuracy": 0.9617646932601929, "loss": 28.679793544113636}, "23": {"train_accuracy": 0.9525544047355652, "validate_accuracy": 0.9323529601097107, "loss": 28.62736148200929}, "24": {"train_accuracy": 0.9459851384162903, "validate_accuracy": 0.9323529601097107, "loss": 28.751690676435828}, "25": {"train_accuracy": 0.9492697715759277, "validate_accuracy": 0.9323529601097107, "loss": 28.883693172596395}, "26": {"train_accuracy": 0.9503645896911621, "validate_accuracy": 0.9382352828979492, "loss": 28.641194568102947}, "27": {"train_accuracy": 0.9521896243095398, "validate_accuracy": 0.9470587968826294, "loss": 28.37000097706914}, "28": {"train_accuracy": 0.9540143609046936, "validate_accuracy": 0.9588235020637512, "loss": 27.771564233873505}, "29": {"train_accuracy": 0.9529193043708801, "validate_accuracy": 0.36176469922065735, "loss": 28.418547425419092}, "30": {"train_accuracy": 0.9416055083274841, "validate_accuracy": 0.9558823704719543, "loss": 35.56353178340942}, "31": {"train_accuracy": 0.9540144801139832, "validate_accuracy": 0.8941176533699036, "loss": 27.847970189526677}, "32": {"train_accuracy": 0.9499997496604919, "validate_accuracy": 0.9529411792755127, "loss": 28.005174877645914}, "33": {"train_accuracy": 0.9459851980209351, "validate_accuracy": 0.929411768913269, "loss": 27.86847435092568}, "34": {"train_accuracy": 0.9551090598106384, "validate_accuracy": 0.9588235020637512, "loss": 27.34188938018633}, "35": {"train_accuracy": 0.9536492824554443, "validate_accuracy": 0.9529411792755127, "loss": 27.852344339713454}, "36": {"train_accuracy": 0.9448902606964111, "validate_accuracy": 0.8941176533699036, "loss": 28.2482620626688}, "37": {"train_accuracy": 0.9507297277450562, "validate_accuracy": 0.9558823704719543, "loss": 28.087829867377877}, "38": {"train_accuracy": 0.954014241695404, "validate_accuracy": 0.9470587968826294, "loss": 27.254319944695453}, "39": {"train_accuracy": 0.9580288529396057, "validate_accuracy": 0.8705882430076599, "loss": 27.553628948517144}, "40": {"train_accuracy": 0.9565691351890564, "validate_accuracy": 0.908823549747467, "loss": 27.37395797111094}, "41": {"train_accuracy": 0.9529193043708801, "validate_accuracy": 0.9558823704719543, "loss": 27.85199499502778}, "42": {"train_accuracy": 0.9547442197799683, "validate_accuracy": 0.9558823704719543, "loss": 28.355970688251546}, "43": {"train_accuracy": 0.9514593482017517, "validate_accuracy": 0.929411768913269, "loss": 27.514013599604368}, "44": {"train_accuracy": 0.9408754110336304, "validate_accuracy": 0.7647058963775635, "loss": 28.731331767514348}, "45": {"train_accuracy": 0.9525545239448547, "validate_accuracy": 0.9529411792755127, "loss": 29.362506927922368}, "46": {"train_accuracy": 0.9543792009353638, "validate_accuracy": 0.8323529362678528, "loss": 27.012578789144754}, "47": {"train_accuracy": 0.9514596462249756, "validate_accuracy": 0.9676470756530762, "loss": 27.580692806397565}, "48": {"train_accuracy": 0.957298755645752, "validate_accuracy": 0.8705882430076599, "loss": 26.922402814030647}, "49": {"train_accuracy": 0.957298994064331, "validate_accuracy": 0.9147058725357056, "loss": 27.736146100331098}, "50": {"train_accuracy": 0.952919602394104, "validate_accuracy": 0.9529411792755127, "loss": 27.326940522470977}, "51": {"train_accuracy": 0.9540141224861145, "validate_accuracy": 0.9558823704719543, "loss": 26.42041341064032}, "52": {"train_accuracy": 0.9580287337303162, "validate_accuracy": 0.9117646813392639, "loss": 26.97300186753273}, "53": {"train_accuracy": 0.9507293701171875, "validate_accuracy": 0.9323529601097107, "loss": 27.410109696909785}, "54": {"train_accuracy": 0.9572988748550415, "validate_accuracy": 0.8882352709770203, "loss": 26.49589087998902}, "55": {"train_accuracy": 0.9587587118148804, "validate_accuracy": 0.8794117569923401, "loss": 27.028817920014262}, "56": {"train_accuracy": 0.9540143609046936, "validate_accuracy": 0.9676470756530762, "loss": 27.251157431252068}, "57": {"train_accuracy": 0.9507296085357666, "validate_accuracy": 0.9441176652908325, "loss": 26.902172546557267}, "58": {"train_accuracy": 0.9547443389892578, "validate_accuracy": 0.9558823704719543, "loss": 27.097289245575666}, "59": {"train_accuracy": 0.9554744362831116, "validate_accuracy": 0.9558823704719543, "loss": 27.0111230192706}, "60": {"train_accuracy": 0.9543793201446533, "validate_accuracy": 0.9558823704719543, "loss": 27.68282726407051}, "61": {"train_accuracy": 0.9558390378952026, "validate_accuracy": 0.9117646813392639, "loss": 27.192031163722277}, "62": {"train_accuracy": 0.9565691351890564, "validate_accuracy": 0.9235293865203857, "loss": 27.021290104836226}, "63": {"train_accuracy": 0.954014241695404, "validate_accuracy": 0.929411768913269, "loss": 26.863374583350378}, "64": {"train_accuracy": 0.9521894454956055, "validate_accuracy": 0.949999988079071, "loss": 26.64180488884449}, "65": {"train_accuracy": 0.9554740786552429, "validate_accuracy": 0.9617646932601929, "loss": 26.978714909204427}, "66": {"train_accuracy": 0.9580287337303162, "validate_accuracy": 0.9588235020637512, "loss": 26.925245324149728}, "67": {"train_accuracy": 0.955109179019928, "validate_accuracy": 0.8705882430076599, "loss": 26.883333206176758}, "68": {"train_accuracy": 0.955474317073822, "validate_accuracy": 0.9558823704719543, "loss": 27.349235841073096}, "69": {"train_accuracy": 0.9605837464332581, "validate_accuracy": 0.9058823585510254, "loss": 26.66332557424903},