{"0": {"train_accuracy": 0.6912409067153931, "validate_accuracy": 0.7588235139846802, "loss": 112.20308168232441}, "1": {"train_accuracy": 0.8613138794898987, "validate_accuracy": 0.8647058606147766, "loss": 61.146245166659355}, "2": {"train_accuracy": 0.8894162774085999, "validate_accuracy": 0.8617647290229797, "loss": 48.98506096750498}, "3": {"train_accuracy": 0.899634838104248, "validate_accuracy": 0.75, "loss": 43.4839097186923}, "4": {"train_accuracy": 0.9222625494003296, "validate_accuracy": 0.929411768913269, "loss": 39.845301635563374}, "5": {"train_accuracy": 0.9299266934394836, "validate_accuracy": 0.9411764740943909, "loss": 36.37022855132818}, "6": {"train_accuracy": 0.9343060255050659, "validate_accuracy": 0.9588235020637512, "loss": 34.56505161523819}, "7": {"train_accuracy": 0.935401201248169, "validate_accuracy": 0.7852941155433655, "loss": 34.13125912472606}, "8": {"train_accuracy": 0.9324813485145569, "validate_accuracy": 0.9529411792755127, "loss": 34.49340466409922}, "9": {"train_accuracy": 0.9401455521583557, "validate_accuracy": 0.9205882549285889, "loss": 32.16250464320183}}