{"0": {"train_accuracy": 0.686496376991272, "validate_accuracy": 0.7617647051811218, "loss": 118.07932713627815}, "1": {"train_accuracy": 0.8715325593948364, "validate_accuracy": 0.8999999761581421, "loss": 59.348526338115335}, "2": {"train_accuracy": 0.8974452018737793, "validate_accuracy": 0.9117646813392639, "loss": 46.35608081147075}, "3": {"train_accuracy": 0.9131386280059814, "validate_accuracy": 0.929411768913269, "loss": 40.479836050421}, "4": {"train_accuracy": 0.930291473865509, "validate_accuracy": 0.8176470398902893, "loss": 37.90113478899002}, "5": {"train_accuracy": 0.9310215711593628, "validate_accuracy": 0.9382352828979492, "loss": 35.71805761847645}, "6": {"train_accuracy": 0.9357662796974182, "validate_accuracy": 0.929411768913269, "loss": 33.60237661935389}, "7": {"train_accuracy": 0.9412405490875244, "validate_accuracy": 0.9235293865203857, "loss": 33.17129781842232}, "8": {"train_accuracy": 0.939415693283081, "validate_accuracy": 0.9352940917015076, "loss": 32.24082794575952}, "9": {"train_accuracy": 0.9427006840705872, "validate_accuracy": 0.8529411554336548, "loss": 32.105493023991585}}