{"0": {"train_accuracy": 0.6667883396148682, "validate_accuracy": 0.7823529243469238, "loss": 118.20133173465729}, "1": {"train_accuracy": 0.8372262716293335, "validate_accuracy": 0.820588231086731, "loss": 64.40410254895687}, "2": {"train_accuracy": 0.8810217976570129, "validate_accuracy": 0.9176470637321472, "loss": 50.75271354615688}, "3": {"train_accuracy": 0.9065691828727722, "validate_accuracy": 0.9352940917015076, "loss": 42.9525846876204}, "4": {"train_accuracy": 0.9229922890663147, "validate_accuracy": 0.9058823585510254, "loss": 38.62488321214914}, "5": {"train_accuracy": 0.9306567311286926, "validate_accuracy": 0.7588235139846802, "loss": 36.85195766016841}, "6": {"train_accuracy": 0.9277370572090149, "validate_accuracy": 0.9411764740943909, "loss": 36.19404998421669}, "7": {"train_accuracy": 0.936495840549469, "validate_accuracy": 0.949999988079071, "loss": 33.55583302304149}, "8": {"train_accuracy": 0.9379558563232422, "validate_accuracy": 0.9647058844566345, "loss": 32.12849309682497}, "9": {"train_accuracy": 0.9459851980209351, "validate_accuracy": 0.75, "loss": 31.985707737505436}}